<?xml version='1.0' encoding='UTF-8' standalone='yes'?>
<addon id="repository.mavwolverine" name="MavWolverine Repo" version="0.0.1" provider-name="MavWolverine">
  <requires>
    <import addon="xbmc.addon" version="12.0.0"/>
  </requires>
  <extension point="xbmc.addon.repository" name="MavWolverine Repo">
    <info compressed="true">http://mavwolverine-kodi.netai.net/Plugins/addons.xml</info>
    <checksum>http://mavwolverine-kodi.netai.net/Plugins/addons.xml.md5</checksum>
    <datadir zip="true">http://mavwolverine-kodi.netai.net/Plugins</datadir>
    <hashes>true</hashes>
  </extension>
  <extension point="xbmc.addon.metadata">
    <summary>Repo of my plugins</summary>
    <description>Repo of my plugins</description>
    <platform>all</platform>
  </extension>
</addon>
